{
  "rf_filter_selectk": {
    "search_best_params": {
      "select__k": 36
    },
    "val_metrics": {
      "roc_auc": 0.931088780735406,
      "pr_auc": 0.7044591891410333,
      "precision": 0.6227123355284521,
      "recall": 0.791148222713621,
      "f1": 0.6968972359307202
    },
    "threshold": 0.7,
    "test_metrics": {
      "roc_auc": 0.9306811887749383,
      "pr_auc": 0.7014657935634202,
      "precision": 0.622256890275611,
      "recall": 0.7898610515198521,
      "f1": 0.6961125089079248
    }
  },
  "rf_wrapper_rfe": {
    "search_best_params": {
      "rfe__n_features_to_select": 36
    },
    "val_metrics": {
      "roc_auc": 0.9311050482613175,
      "pr_auc": 0.7045275499529358,
      "precision": 0.6228393938606296,
      "recall": 0.7908676854021585,
      "f1": 0.6968679113592742
    },
    "threshold": 0.7,
    "test_metrics": {
      "roc_auc": 0.9306985429848806,
      "pr_auc": 0.7014426438103887,
      "precision": 0.6223352366582989,
      "recall": 0.7895805142083897,
      "f1": 0.696052545442643
    }
  }
}