{
  "rf_fixed": {
    "val_metrics": {
      "roc_auc": 0.931030492361245,
      "pr_auc": 0.7044110312508824,
      "precision": 0.6235189843719451,
      "recall": 0.7894154922604707,
      "f1": 0.6967280565690108
    },
    "threshold": 0.7,
    "test_metrics": {
      "roc_auc": 0.9305924737464388,
      "pr_auc": 0.7013091282152626,
      "precision": 0.623086152481807,
      "recall": 0.7884253605729562,
      "f1": 0.6960721466243189
    }
  },
  "rf_filter_selectk": {
    "search_best_params": {
      "select__k": "all"
    },
    "val_metrics": {
      "roc_auc": 0.931030492361245,
      "pr_auc": 0.7044110312508824,
      "precision": 0.6235189843719451,
      "recall": 0.7894154922604707,
      "f1": 0.6967280565690108
    },
    "threshold": 0.7,
    "test_metrics": {
      "roc_auc": 0.9305924737464388,
      "pr_auc": 0.7013091282152626,
      "precision": 0.623086152481807,
      "recall": 0.7884253605729562,
      "f1": 0.6960721466243189
    }
  },
  "rf_wrapper_rfe": {
    "search_best_params": {
      "rfe__n_features_to_select": 30
    },
    "val_metrics": {
      "roc_auc": 0.9310660275663822,
      "pr_auc": 0.7044511889082796,
      "precision": 0.6231414634146342,
      "recall": 0.7905211393115285,
      "f1": 0.6969223047434769
    },
    "threshold": 0.7,
    "test_metrics": {
      "roc_auc": 0.9306533979687464,
      "pr_auc": 0.7013534117842373,
      "precision": 0.6226731925750436,
      "recall": 0.7893824878708868,
      "f1": 0.6961868723621016
    }
  },
  "rf_embedded_sfm": {
    "search_best_params": {
      "sfm__threshold": "median"
    },
    "val_metrics": {
      "roc_auc": 0.9310028984629215,
      "pr_auc": 0.7046192016189187,
      "precision": 0.620890822029195,
      "recall": 0.7938545826594937,
      "f1": 0.6967996118108012
    },
    "threshold": 0.7,
    "test_metrics": {
      "roc_auc": 0.930569965924511,
      "pr_auc": 0.7013797154572188,
      "precision": 0.6205128867310573,
      "recall": 0.7930129707251065,
      "f1": 0.6962373770301792
    }
  },
  "logreg_l1": {
    "search_best_params": {
      "clf__C": 0.5
    },
    "val_metrics": {
      "roc_auc": 0.9291849098131805,
      "pr_auc": 0.6974866303548672,
      "precision": 0.6126535842609111,
      "recall": 0.8047460312221525,
      "f1": 0.6956831863961882
    },
    "threshold": 0.7,
    "test_metrics": {
      "roc_auc": 0.9285030363554372,
      "pr_auc": 0.6930337921485696,
      "precision": 0.6110734292963549,
      "recall": 0.8028317766262913,
      "f1": 0.6939491626964882
    }
  }
}