{
  "search_best_params": {
    "select__k": "all"
  },
  "val_metrics": {
    "roc_auc": 0.931030492361245,
    "pr_auc": 0.7044110312508824,
    "precision": 0.6235189843719451,
    "recall": 0.7894154922604707,
    "f1": 0.6967280565690108
  },
  "threshold": 0.7,
  "test_metrics": {
    "roc_auc": 0.9305924737464388,
    "pr_auc": 0.7013091282152626,
    "precision": 0.623086152481807,
    "recall": 0.7884253605729562,
    "f1": 0.6960721466243189
  }
}