{
  "search_best_params": {
    "select__k": 36
  },
  "val_metrics": {
    "roc_auc": 0.931088780735406,
    "pr_auc": 0.7044591891410333,
    "precision": 0.6227123355284521,
    "recall": 0.791148222713621,
    "f1": 0.6968972359307202
  },
  "threshold": 0.7,
  "test_metrics": {
    "roc_auc": 0.9306811887749383,
    "pr_auc": 0.7014657935634202,
    "precision": 0.622256890275611,
    "recall": 0.7898610515198521,
    "f1": 0.6961125089079248
  }
}