{
  "search_best_params": {
    "rfe__n_features_to_select": 30
  },
  "val_metrics": {
    "roc_auc": 0.9310660275663822,
    "pr_auc": 0.7044511889082796,
    "precision": 0.6231414634146342,
    "recall": 0.7905211393115285,
    "f1": 0.6969223047434769
  },
  "threshold": 0.7,
  "test_metrics": {
    "roc_auc": 0.9306533979687464,
    "pr_auc": 0.7013534117842373,
    "precision": 0.6226731925750436,
    "recall": 0.7893824878708868,
    "f1": 0.6961868723621016
  }
}