{
  "best_params": {
    "xgb__learning_rate": 0.1,
    "xgb__max_depth": 7,
    "xgb__n_estimators": 100
  },
  "val": {
    "roc_auc": 0.9315560204636297,
    "average_precision": 0.7057659289256413,
    "f1_score": 0.6794904833781247,
    "confusion_matrix": [
      [
        215500,
        47009
      ],
      [
        5227,
        55371
      ]
    ],
    "classification_report": {
      "0": {
        "precision": 0.9763191634915529,
        "recall": 0.8209242349786102,
        "f1-score": 0.8919037488928805,
        "support": 262509.0
      },
      "1": {
        "precision": 0.5408380543074819,
        "recall": 0.9137430278227004,
        "f1-score": 0.6794904833781247,
        "support": 60598.0
      },
      "accuracy": 0.8383321933600943,
      "macro avg": {
        "precision": 0.7585786088995174,
        "recall": 0.8673336314006553,
        "f1-score": 0.7856971161355026,
        "support": 323107.0
      },
      "weighted avg": {
        "precision": 0.8946456489767441,
        "recall": 0.8383321933600943,
        "f1-score": 0.8520661128662294,
        "support": 323107.0
      }
    }
  }
}